전철역명,지번주소
가락시장,대한민국 서울특별시 송파구 가락동 600-1
종로3가,대한민국 서울특별시 묘동 종로3가
오금,대한민국 서울특별시 오금동 오금
동대문,대한민국 서울특별시 종로구 창신동 472
동대문역사문화공원,대한민국 서울특별시 중구 을지로7가 132-2
충무로,대한민국 서울특별시 중구 필동 16-2
서울,대한민국 서울특별시 중구 봉래동2가 166
신도림,대한민국 서울특별시 신도림역
이촌,대한민국 서울특별시 용산구 용산동5가 17-97
왕십리,대한민국 서울특별시 성동구 행당동 168-168
시청,대한민국 서울특별시 중구 태평로2가 356
교대,대한민국 서울특별시 서초구 서초1동 1672-2
신설동,대한민국 서울특별시 동대문구 용신동 102-35
강변,대한민국 서울특별시 광진구 구의3동 강변역로 53 강변
까치산,대한민국 서울특별시 화곡동 까치산역
을지로3가,대한민국 서울특별시 을지로3가 을지로3가역
홍대입구,대한민국 서울특별시 마포구 동교동 166-7
광운대,대한민국 서울특별시 월계동 광운대역
상봉,대한민국 서울특별시 중랑구 상봉1동 100-16
망우,대한민국 서울특별시 중랑구 상봉1동 29-3
영등포구청,대한민국 서울특별시 영등포구청역
신길,대한민국 서울특별시 영등포구 신길동 영등포로 327
을지로4가,대한민국 서울특별시 중구 을지로동 130-8
합정,대한민국 서울특별시 마포구 합정동 416-68
공덕,대한민국 서울특별시 마포구 공덕동 429-12
삼각지,대한민국 서울특별시 용산구 한강로동 278-2
약수,대한민국 서울특별시 중구 신당동 369-47
신당,대한민국 서울특별시 중구 흥인동 14-46
동묘앞,대한민국 서울특별시 종로구 숭인2동 296-24
석계,대한민국 서울특별시 성북구 석관동 375-15
도봉산,대한민국 서울특별시 도봉구 도봉동 도봉로 964-33
불광,대한민국 서울특별시 불광역
연신내,대한민국 서울특별시 은평구 불광동 487-2
금정,대한민국 경기도 군포시 금정동 87-1
수원,대한민국 서울특별시 동작구 매산로1가 대방동길 수원역
원인재,대한민국 인천광역시 연수2동 원인재역
회기,대한민국 서울특별시 동대문구 휘경동 267-21
대곡,대한민국 고양시 대장동 대곡
디지털미디어시티,대한민국 서울특별시 마포구 상암동 223-27
회룡,대한민국 경기도 의정부시 호원2동 316-88
판교,대한민국 경기도 성남시 분당구 삼평동 판교역로 16 판교역
오이도,대한민국 시흥시 정왕본동 오이도역
이매,대한민국 경기도 성남시 분당구 이매동 127-6
선정릉,대한민국 서울특별시 강남구 삼성동 111-150
종합운동장,대한민국 서울특별시 송파구 잠실동 1-236
천호,대한민국 서울특별시 강동구 풍납동 천호대로 997
창동,대한민국 서울특별시 창4동 창동
사당,대한민국 서울특별시 동작구 사당1동 588-45
노원,대한민국 서울특별시 노원구 상계6.7동 713
군자,대한민국 서울특별시 능동 군자
건대입구,대한민국 서울특별시 광진구 화양동 5-48
고속터미널,대한민국 서울특별시 서초구 반포4동 신반포로 지하 188
총신대입구(이수),대한민국 서울특별시 동작구 사당2동 9-31
대림,대한민국 서울특별시 영등포구 대림동 도림로31길 8-1
가산디지털단지,대한민국 서울특별시 금천구 가산동 440-8
온수,대한민국 서울특별시 구로구 온수동 53-13
부평구청,대한민국 인천광역시 부평구 갈산2동 199-3
잠실,대한민국 서울특별시 송파구 신천동 8
복정,대한민국 서울특별시 송파구 장지동 600
모란,대한민국 성남시 성남동 모란
부평,대한민국 인천광역시 부평동 부평
당산,대한민국 서울특별시 영등포구 당산동6가 304-4
여의도,대한민국 서울특별시 영등포구 여의도동 3
동작,대한민국 서울특별시 동작구 동작동 327
김포공항,대한민국 서울특별시 강서구 방화2동 743-2
강남,대한민국 서울특별시 서초동 강남역.삼성전자
양재,대한민국 서울특별시 서초구 양재동 12-1
정자,대한민국 경기도 성남시 분당구 정자동 99-5
강남구청,대한민국 서울특별시 강남구 삼성2동 1
선릉,대한민국 서울특별시 역삼동 선릉
효창공원앞,대한민국 서울특별시 용산구 효창동 백범로 287
태릉입구,대한민국 서울특별시 노원구 공릉동 680
검암,대한민국 인천광역시 서구 검암동 검암역
주안,대한민국 인천광역시 주안1동 주안역환승정류장
인천,대한민국 인천광역시 중구 북성동 제물량로 269 인천역
인천시청,대한민국 인천광역시 남동구 간석1동 493-44
청량리,대한민국 서울특별시 동대문구 왕산로 205 청량리역
중랑,대한민국 서울특별시 중랑구 중화2동 중랑
충정로,대한민국 서울특별시 서대문구 충현동 352
청구,대한민국 서울특별시 중구 지하철 5호선 청구역 지하 3층
성신여대입구,대한민국 서울특별시 성북구 동소문동6가 동소문로 102
보문,대한민국 서울특별시 보문동 보문역
계양,대한민국 인천광역시 계양구 귤현동 451-119
기흥,대한민국 용인시 구갈동 기흥역
옥수,대한민국 서울특별시 성동구 옥수동 78-1
도곡,대한민국 서울특별시 도곡2동 도곡
수서,대한민국 서울특별시 강남구 수서동 광평로 지하 270
용산,대한민국 서울특별시 한강로동 용산역
종각,대한민국 서울특별시 종로1가 종각
종로5가,대한민국 서울특별시 종로5.6가동 종로5가
제기동,대한민국 서울특별시 동대문구 제기동 51
을지로입구,대한민국 서울특별시 중구 명동 89-1
탑석,대한민국 의정부시 용현동 탑석
한티,대한민국 서울특별시 한티역
구룡,대한민국 서울특별시 강남구 개포2동 175-12
홍제,대한민국 서울특별시 서대문구 홍제동 330-409
김유정,대한민국 춘천시 신동면 김유정역
남춘천,대한민국 강원도 춘천시 퇴계동 633-2
성균관대,대한민국 수원시 율전동 성균관대역
경찰병원,대한민국 서울특별시 송파구 가락동 146-6
구일,대한민국 서울특별시 구로구 구로1동 642-9
야탑,대한민국 경기도 성남시 분당구 야탑1동 688-1
삼송,대한민국 경기도 고양시 덕양구 삼송동 삼송
화정,대한민국 경기도 고양시 덕양구 화정동 400-2
영등포시장,대한민국 서울특별시 영등포구 영등포동 45
상일동,대한민국 서울특별시 강동구 상일동 121-3
공릉,대한민국 서울특별시 공릉1동 공릉
상도,대한민국 서울특별시 동작구 상도1동 상도로 지하 272
박촌,대한민국 인천광역시 계양구 계양1동 110
구성,대한민국 용인시 마북동 구성
인하대,대한민국 인천광역시 남구 용현5동 294-18
숭의,대한민국 인천광역시 남구 숭의동 417-11
센트럴파크,대한민국 인천광역시 송도2동 센트럴파크역
국제업무지구,대한민국 인천광역시 송도동 국제업무지구역5번출구
강매,대한민국 경기도 고양시 덕양구 강매동 소원로
달월,대한민국 경기도 시흥시 월곶동 687-1
원흥,대한민국 경기도 고양시 덕양구 원흥동 142-1
완정,"1077-10, 당하동 서구 인천광역시 대한민국"
석바위시장,대한민국 인천광역시 남구 주안동 1597
상왕십리,대한민국 서울특별시 성동구 왕십리2동 903-30
한양대,대한민국 서울특별시 성동구 행당동 산17
뚝섬,대한민국 서울특별시 성동구 성수동1가 아차산로 18
성수,대한민국 서울특별시 성수2가3동 성수
청계산입구,대한민국 서울특별시 서초구 신원동 201-15
구의,대한민국 서울특별시 광진구 자양2동 216-22
잠실나루,대한민국 경기도 부천시 소사동 잠실나루
잠실새내,대한민국 서울특별시 잠실동 신천역
삼성,대한민국 서울특별시 삼성역
역삼,대한민국 서울특별시 강남구 역삼동 800-56
서초,대한민국 서울특별시 서초구 서초동 1500
방배,대한민국 서울특별시 서초구 방배동 910-17
낙성대,대한민국 서울특별시 관악구 봉천동 1658-2
서울대입구,대한민국 서울특별시 봉천동 서울대입구역
봉천,대한민국 서울특별시 관악구 청룡동 남부순환로 1728
신림,대한민국 서울특별시 관악구 서원동 남부순환로 지하 1614
신대방,대한민국 서울특별시 동작구 신대방1동 643-1
구로디지털단지,대한민국 서울특별시 구로구 구로3동 124
문래,대한민국 서울특별시 영등포구 문래동3가 54
신촌,대한민국 서울특별시 마포구 신촌동 신촌로
이대,대한민국 서울특별시 대흥동 이대
아현,대한민국 서울특별시 아현전철역
용답,대한민국 서울특별시 성동구 용답동 용답길 86
신답,대한민국 서울특별시 성동구 용답동 129
도림천,대한민국 서울특별시 구로구 신도림동 271-60
양천구청,대한민국 서울특별시 양천구 신정7동 목동로3길 지하 33
신정네거리,대한민국 서울특별시 신정3동 신정네거리
용두,대한민국 서울특별시 동대문구 용두동 천호대로 지하 129
지축,대한민국 경기도 고양시 덕양구 지축동 695-14
구파발,대한민국 서울특별시 은평구 진관동 533
녹번,대한민국 서울특별시 은평구 녹번동 48
무악재,대한민국 서울특별시 서대문구 홍제동 통일로 358-1
독립문,대한민국 서울특별시 종로구 무악동 41-6
경복궁,대한민국 서울특별시 종로구 적선동 81-1
안국,대한민국 서울특별시 종로1.2.3.4가동 안국역.종로경찰서.인사동
동대입구,대한민국 서울특별시 중구 장충동 198-1
금호,대한민국 서울특별시 성동구 금호동4가 1470
압구정,대한민국 서울특별시 강남구 신사동 667-38
신사,대한민국 서울특별시 강남구 신사동 강남대로
잠원,대한민국 서울특별시 서초구 잠원동 60-22
남부터미널,대한민국 서울특별시 서초구 서초3동 1446-1
매봉,대한민국 서울특별시 강남구 도곡1동 남부순환로 지하 2744
대치,대한민국 서울특별시 대치동 대치
학여울,대한민국 서울특별시 대치동 학여울역
대청,대한민국 서울특별시 강남구 개포동 18-10
일원,대한민국 서울특별시 강남구 일원본동 717
당고개,대한민국 서울특별시 상계동 당고개역
상계,대한민국 서울특별시 노원구 상계5동 173
쌍문,대한민국 서울특별시 창1동 쌍문역
수유,대한민국 서울특별시 수유동 수유(강북구청)역
미아,대한민국 서울특별시 미아동 미아역7번출구
미아사거리,대한민국 서울특별시 미아동 미아사거리역
길음,대한민국 서울특별시 성북구 길음동 877-66
한성대입구,대한민국 서울특별시 성북구 동소문동2가 1-3
혜화,대한민국 서울특별시 종로구 동숭동 67-2
명동,대한민국 서울특별시 중구 충무로2가 94-3
회현,대한민국 서울특별시 중구 회현동 46
숙대입구,대한민국 서울특별시 용산구 갈월동 69-115
신용산,대한민국 서울특별시 한강로2가 신용산역
남태령,대한민국 서울특별시 서초구 방배2동 2911-3
남영,대한민국 서울특별시 원효로1가 남영역
노량진,대한민국 서울특별시 동작구 노량진1동 69-2
대방,대한민국 서울특별시 신길7동 대방
영등포,대한민국 서울특별시 영등포구 영등포동 618-496
서빙고,대한민국 서울특별시 용산구 서빙고동 서빙고
한남,대한민국 서울특별시 한남동 한남역
응봉,대한민국 서울특별시 성동구 응봉동 213-1
외대앞,대한민국 서울특별시 이문1동 외대앞역
신이문,대한민국 서울특별시 이문2동 신이문역
월계,대한민국 서울특별시 노원구 월계동 261
녹천,대한민국 서울특별시 도봉구 창동 756-144
개포동,대한민국 서울특별시 강남구 개포동 186-20
대모산입구,대한민국 서울특별시 일원2동 대모산입구
양원,대한민국 서울특별시 중랑구 망우동 송림길 147
구리,대한민국 경기도 구리시 인창동 244-1
도농,대한민국 경기도 남양주시 도농동 56-1
양정,대한민국 경기도 남양주시 양정동 463-1
덕소,대한민국 경기도 남양주시 와부읍 덕소로 56
도심,대한민국 경기도 남양주시 와부읍 덕소로 237
팔당,대한민국 남양주시 와부읍 팔당
운길산,대한민국 남양주시 조안면 운길산역
양수,대한민국 경기도 양평군 양서면 용담리 684-1
신원,대한민국 경기도 양평군 양서면 신원리 472-16
국수,대한민국 양평군 양서면 국수
아신,대한민국 양평군 옥천면 아신
오빈,대한민국 경기도 양평군 양평읍 오빈리 238-61
양평(경의중앙선),대한민국 경기도 양평군 양평읍 양근리 130-9
원덕,대한민국 경기도 양평군 양평읍 원덕리 306-5
용문,대한민국 경기도 양평군 용문면 다문리 748-2
서울(경의중앙선),대한민국 서울특별시 중림동 서울역서부
신촌(경의중앙선),대한민국 서울특별시 서대문구 대현동 신촌역로 30
서강대,대한민국 서울특별시 마포구 노고산동 117-5
가좌,대한민국 서울특별시 서대문구 남가좌동 292-9
수색,대한민국 서울특별시 수색동 수색역
화전,대한민국 경기도 고양시 덕양구 화전동 582-2
행신,대한민국 경기도 고양시 덕양구 행신동 519-2
능곡,대한민국 경기도 고양시 덕양구 토당동 453-3번지 외21호 필지 능곡역사 2층 일부
곡산,대한민국 고양시 산황동 곡산
백마,대한민국 고양시 마두1동 백마역
풍산,대한민국 경기도 고양시 일산동구 풍산동 1042-4
일산,대한민국 고양시 일산동 일산역
탄현,대한민국 고양시 탄현동 탄현
야당,대한민국 경기도 파주시 운정3동 417-1
운정,대한민국 경기도 파주시 야당동 297-3
금릉,대한민국 파주시 금촌동 금릉
금촌,대한민국 파주시 금촌1동 금촌역
월롱,대한민국 파주시 월롱면 월롱
파주,대한민국 경기도 파주시 파주읍 봉암리 503-7
문산,대한민국 경기도 파주시 문산읍 문산리 17
신내,대한민국 서울특별시 중랑구 신내동 59-3
갈매,대한민국 구리시 갈매동 갈매
별내,대한민국 경기도 구리시 별내동 금강로
퇴계원,대한민국 경기도 남양주시 퇴계원면 퇴계원리 218
사릉,대한민국 경기도 남양주시 진건읍 사능리 604-4
금곡,대한민국 남양주시 금곡동 금곡
평내호평,대한민국 남양주시 평내동 평내호평역
천마산,대한민국 경기도 남양주시 화도읍 묵현리 산99-16
마석,대한민국 남양주시 화도읍 마석역
대성리,대한민국 가평군 청평면 대성리
청평,대한민국 가평군 청평면 청평역
상천,대한민국 경기도 가평군 청평면 상천리 1261-4
가평,대한민국 가평군 가평읍 가평역
굴봉산,대한민국 춘천시 남산면 굴봉산역
백양리,대한민국 강원도 춘천시 남산면 강촌리 680-7
강촌,대한민국 강원도 춘천시 남산면 강촌로 150
춘천,대한민국 강원도 춘천시 근화동 190-1
봉명,대한민국 충청남도 천안시 동남구 봉명동 25-25
쌍용(나사렛대),대한민국 충청남도 천안시 서북구 쌍용2동 426-4
아산,대한민국 충청남도 아산시 배방읍 장재리 268
배방,대한민국 충청남도 아산시 배방읍 온천대로 1967
온양온천,대한민국 아산시 온양2동 온양온천역
신창,대한민국 충청남도 아산시 신창면 행목리 346-43
선바위,대한민국 과천시 과천동 선바위
경마공원,대한민국 과천시 과천동 경마공원
대공원,대한민국 경기도 군포시 당동 대공원
과천,대한민국 과천시 별양동 과천역
정부과천청사,대한민국 경기도 과천시 중앙동 6-3
인덕원,대한민국 경기도 안양시 관양동 154-1
평촌,대한민국 경기도 안양시 동안구 관양동 부림로 지하 123
범계,대한민국 경기도 안양시 동안구 범계동 범계
삼동,대한민국 경기도 광주시 광남동 순암로 461
경기광주,대한민국 광주시 역동 경기광주역2번출구
초월,대한민국 경기도 광주시 초월읍 쌍동리 264-4
곤지암,대한민국 경기도 광주시 곤지암읍 곤지암리 365-5
신둔도예촌,대한민국 경기도 이천시 신둔면 남정리 379-1
이천,대한민국 경기도 이천시 율현동 산1-2
부발,대한민국 이천시 부발읍 부발
세종대왕릉,대한민국 경기도 여주군 능서면 신지리 266-5
구로,대한민국 서울특별시 구로구 구로동 구로중앙로 174
금천구청,대한민국 서울특별시 시흥1동 금천구청역
석수,대한민국 석수역
관악,대한민국 경기도 안양시 만안구 석수1동 246
안양,대한민국 경기도 안양시 만안구 안양동 만안로 232
명학,대한민국 경기도 안양시 만안구 안양동 1163-1
군포,대한민국 군포시 군포1동 군포
의왕,대한민국 경기도 의왕시 삼동 191-5
화서,대한민국 수원시 화서동 화서역
독산,대한민국 서울특별시 금천구 가산동 627
세류,대한민국 경기도 수원시 권선구 장지동 22-1
병점,대한민국 경기도 화성시 진안동 824-15
세마,대한민국 경기도 오산시 세마동 241-1
오산대,대한민국 경기도 오산시 신장동 435-3
오산,대한민국 경기도 오산시 오산동 603-1
진위,대한민국 경기도 평택시 진위면 하북리 170-12
송탄,대한민국 경기도 평택시 신장동 282-1
서정리,대한민국 평택시 중앙동 서정리
지제,대한민국 경기도 평택시 지제동 202-3
평택,대한민국 경기도 평택시 평택동 185-568
성환,대한민국 천안시 성환읍 성환
직산,대한민국 충청남도 천안시 서북구 직산읍 천안대로 1471-33
두정,대한민국 충청남도 천안시 서북구 부성동 83-19
천안,대한민국 충청남도 천안시 동남구 중앙동 57-1
당정,대한민국 경기도 군포시 군포1동 655-1
서동탄,대한민국 경기도 오산시 세마동 260-1
광명,대한민국 경기도 광명시 일직동 267-2
산본,대한민국 경기도 군포시 산본동 번영로 504
대야미,대한민국 경기도 군포시 대야동 233-4
반월,대한민국 경기도 안산시 상록구 반월동 산64-1
상록수,대한민국 경기도 안산시 상록구 일동 상록수로 61 평화의소녀상
한대앞,대한민국 경기도 안산시 상록구 이동 19-1
중앙,대한민국 경기도 안산시 단원구 호수동 167-598
고잔,대한민국 경기도 안산시 단원구 호수동 453-58
초지,대한민국 경기도 안산시 단원구 초지동 125
안산,대한민국 경기도 안산시 단원구 원곡본동 357-2
신길온천,대한민국 경기도 안산시 단원구 신길동 216-109
정왕,대한민국 경기도 시흥시 정왕동 2325-12
수리산,대한민국 군포시 산본동 수리산역.5단지
개봉,대한민국 서울특별시 구로구 개봉동 415
오류동,대한민국 서울특별시 구로구 오류동 19-13
역곡,대한민국 부천시 역곡동 역곡
부천,대한민국 경기도 부천시 소사구 심곡동 부천로 1
송내,대한민국 경기도 부천시 원미구 상동 632-4
백운,대한민국 인천광역시 부평구 십정동 539
동암,대한민국 인천광역시 부평구 십정동 472
제물포,대한민국 인천광역시 남구 도화동 649-1
동인천,대한민국 인천광역시 동구 송현1.2동 100-250
부개,대한민국 인천광역시 부평구 부개동 468
간석,대한민국 인천광역시 남동구 간석동 762-24
도원,대한민국 인천광역시 남구 숭의동 110-62
중동,대한민국 경기도 부천시 소사구 송내2동 504-8
도화,대한민국 인천광역시 남구 도화동 583-3
서울숲,대한민국 서울특별시 성수동1가 서울숲
압구정로데오,대한민국 서울특별시 압구정동 압구정로데오
소사,대한민국 경기도 부천시 원미구 소사동 51
가천대,대한민국 경기도 성남시 수정구 태평동 성남대로 지하 1332
태평,대한민국 경기도 성남시 수정구 태평동 6973-2
서현,대한민국 경기도 성남시 분당구 서현1동 황새울로360번길
수내,대한민국 경기도 성남시 분당구 수내1동 14
미금,대한민국 경기도 성남시 분당구 금곡동 222
오리,대한민국 성남시 구미동 오리역
보정,대한민국 용인시 보정동 보정
죽전,대한민국 경기도 용인시 수지구 죽전2동 포은대로 536
신갈,대한민국 용인시 신갈동 신갈
상갈,대한민국 경기도 용인시 기흥구 상갈동 463-3
청명,대한민국 수원시 영통동 청명
영통,대한민국 수원시 영통동 영통역
망포,대한민국 충청북도 청주시 상당구 율량동 망포
매탄권선,대한민국 경기도 수원시 영통구 매탄3동 1108-1
수원시청,대한민국 경기도 수원시 팔달구 인계동 1046-19 번지 수원 프라자 3 층
매교,대한민국 수원시 매교역
월곶,대한민국 시흥시 군자동 월곶역
소래포구,대한민국 인천광역시 논현1동 소래포구역
인천논현,대한민국 인천광역시 논현2동 인천논현
호구포,대한민국 인천광역시 논현2동 호구포역
남동인더스파크,대한민국 인천광역시 논현동 남동인더스파크역
연수,대한민국 인천광역시 연수동 연수역
송도,대한민국 인천광역시 연수구 옥련동 302-4
신포,대한민국 인천광역시 중구 항동7가 1-78
방학,대한민국 서울특별시 방학동 방학
도봉,대한민국 서울특별시 도봉구 도봉동 89-159
망월사,대한민국 경기도 의정부시 호원동 111
의정부,대한민국 경기도 의정부시 의정부동 시민로
가능,대한민국 경기도 의정부시 가능1동 평화로 663
녹양,대한민국 의정부시 녹양동 녹양역
양주,대한민국 양주시 남방동 양주역
덕계,대한민국 경기도 양주시 덕계동 209-3
덕정,대한민국 경기도 동두천시 지행동 덕정
지행,대한민국 동두천시 송내동 지행
동두천중앙,대한민국 경기도 동두천시 생연동 638-15
보산,대한민국 경기도 동두천시 보산동 424-8
동두천,대한민국 경기도 동두천시 소요동 245-210
소요산,대한민국 경기도 동두천시 상봉암동 126번지
원당,대한민국 경기도 고양시 덕양구 성사2동 고양대로 1429
백석,대한민국 경기도 고양시 일산동구 백석동 629-1
마두,대한민국 고양시 마두2동 마두
정발산,대한민국 고양시 마두1동 정발산
주엽,대한민국 경기도 고양시 일산서구 주엽동 475-1
대화,대한민국 경기도 고양시 일산서구 대화동 산2221
방화,대한민국 서울특별시 강서구 방화동 410
개화산,대한민국 서울특별시 강서구 방화2동 531-16
송정,대한민국 서울특별시 공항동 송정
마곡,대한민국 서울특별시 강서구 가양동 531
발산,대한민국 서울특별시 강서구 가양1동 1454-9
우장산,대한민국 서울특별시 내발산동 우장산
화곡,대한민국 서울특별시 화곡동 화곡역
신정,대한민국 서울특별시 신정4동 신정역
목동,대한민국 서울특별시 목동 목동역.5호선5번출구
오목교,대한민국 서울특별시 목동 오목교
양평,대한민국 서울특별시 영등포구 양평동3가 22-1
여의나루,대한민국 서울특별시 여의동 여의나루
마포,대한민국 서울특별시 마포구 도화동 160
애오개,대한민국 서울특별시 마포구 아현동 612
서대문,대한민국 서울특별시 충현동 서대문
광화문,대한민국 서울특별시 종로구 세종로 190-1
신금호,대한민국 서울특별시 성동구 금호동1가 506-7
행당,대한민국 서울특별시 성동구 행당동 317-241
마장,대한민국 서울특별시 마장동 마장역
답십리,대한민국 서울특별시 성동구 용답동 98-3
장한평,대한민국 서울특별시 용답동 장한평역
아차산,대한민국 서울특별시 어린이대공원후문아차산역
광나루,대한민국 서울특별시 광장동 광나루
강동,대한민국 서울특별시 천호동 강동역
길동,대한민국 서울특별시 길동 길동
굽은다리,대한민국 서울특별시 명일1동 굽은다리
명일,대한민국 서울특별시 강동구 명일동 312
고덕,대한민국 서울특별시 고덕동 고덕
둔촌동,대한민국 서울특별시 강동구 둔촌동 416
올림픽공원,대한민국 서울특별시 송파구 방이동 89
방이,대한민국 서울특별시 오금동 방이역
개롱,대한민국 서울특별시 송파구 가락동 166
거여,대한민국 서울특별시 송파구 거여동 5
마천,대한민국 서울특별시 송파구 마천1동 마천로57길
응암,대한민국 서울특별시 은평구 역촌동 85-41
역촌,대한민국 서울특별시 은평구 녹번동 서오릉로 지하 63
독바위,대한민국 서울특별시 은평구 불광1동 13-15
구산,대한민국 서울특별시 은평구 갈현2동 531-9
새절,대한민국 서울특별시 신사동 새절
증산,대한민국 서울특별시 증산역.증산동주민센터
월드컵경기장,대한민국 서울특별시 마포구 성산2동 421-2
마포구청,대한민국 서울특별시 성산2동 마포구청역
망원,대한민국 서울특별시 망원전철역
상수,대한민국 서울특별시 상수동 상수역
광흥창,대한민국 서울특별시 마포구 서강동 145
대흥,대한민국 서울특별시 마포구 대흥동 267
녹사평,대한민국 서울특별시 서울시 용산구 이촌동558
이태원,대한민국 서울특별시 용산구 이태원동 이태원로 지하 177
한강진,대한민국 서울특별시 용산구 한남동 이태원로 281
버티고개,대한민국 서울특별시 중구 신당동 366-454
창신,대한민국 서울특별시 종로구 창신동 21-1
안암,대한민국 서울특별시 성북구 안암동5가 146-48
고려대,대한민국 서울특별시 성북구 종암동 29-53
월곡,대한민국 서울특별시 하월곡동 월곡
상월곡,대한민국 서울특별시 성북구 상월곡동 35-3
돌곶이,대한민국 서울특별시 성북구 석관동 346-3
화랑대,대한민국 서울특별시 노원구 공릉2동 60
봉화산,대한민국 서울특별시 중랑구 신내1동 643-3
장암,대한민국 의정부시 장암동 장암
수락산,대한민국 서울특별시 상계동 수락산역
마들,대한민국 서울특별시 노원구 상계동 647
중계,대한민국 서울특별시 중계2.3동 중계역
하계,대한민국 서울특별시 노원구 하계동 280
먹골,대한민국 서울특별시 중랑구 묵동 189-5
중화,대한민국 서울특별시 중랑구 중화동 285
면목,대한민국 서울특별시 중랑구 면목동 120
사가정,대한민국 서울특별시 중랑구 면목3.8동 496
용마산,대한민국 서울특별시 중랑구 면목4동 76-1
중곡,대한민국 서울특별시 광진구 중곡동 167
어린이대공원,대한민국 서울특별시 광진구 군자동 98-9
뚝섬유원지,대한민국 서울특별시 광진구 자양3동 능동로 10 뚝섬유원지
청담,대한민국 서울특별시 강남구 삼성동 학동로
학동,대한민국 서울특별시 논현동 학동역
논현,대한민국 서울특별시 논현1동 논현
반포,대한민국 서울특별시 서초구 잠원동 103
내방,대한민국 서울특별시 방배동 내방역
남성,대한민국 서울특별시 동작구 사당동 사당로 지하218
숭실대입구,대한민국 서울특별시 상도동 숭실대입구역2번출구
장승배기,대한민국 서울특별시 상도2동 장승배기역
신대방삼거리,대한민국 서울특별시 동작구 대방동 393
보라매,대한민국 서울특별시 보라매역
신풍,대한민국 서울특별시 영등포구 신길6동 3581-1
남구로,대한민국 서울특별시 구로구 구로동 801-95
철산,대한민국 경기도 광명시 철산동 526
광명사거리,대한민국 경기도 광명시 광명동 오리로 지하 980
천왕,대한민국 서울특별시 구로구 오류동 174
까치울,대한민국 경기도 부천시 원미구 춘의동 416-1
부천종합운동장,대한민국 경기도 부천시 원미구 춘의동 87-1
춘의,대한민국 부천시 춘의동 춘의
신중동,대한민국 부천시 중동 신중동
부천시청,대한민국 경기도 부천시 시청역 대한민국
상동,대한민국 경기도 부천시 원미구 중동 부천시 보건소 상동
삼산체육관,대한민국 부천시 상3동 삼산체육관
굴포천,대한민국 인천광역시 갈산동 굴포천
암사,대한민국 서울특별시 암사동 암사역
강동구청,대한민국 서울특별시 강동구 성내동 319
몽촌토성,대한민국 서울특별시 송파구 방이2동 44-12
석촌,대한민국 서울특별시 송파구 송파동 19-9
송파,대한민국 서울특별시 송파역
문정,대한민국 서울특별시 문정1동 문정
장지,대한민국 서울특별시 장지동 장지
산성,대한민국 경기도 성남시 수정구 창곡동 산121-4
남한산성입구,대한민국 성남시 단대동 남한산성입구
단대오거리,대한민국 경기도 성남시 수정구 신흥동 2458
신흥,대한민국 성남시 신흥동 신흥
수진,대한민국 경기도 성남시 중원구 성남동 1315
귤현,대한민국 인천광역시 계양구 귤현동 334-1
임학,대한민국 인천광역시 계양2동 임학역
계산,대한민국 인천광역시 계양구 계산동 1014
경인교대입구,대한민국 인천광역시 계산1동 경인교대입구
작전,대한민국 인천광역시 계양구 작전동 878
갈산,대한민국 인천광역시 청천2동 갈산역(부평4공단)4번출구
부평시장,대한민국 인천광역시 부평구 부평1동 부흥로
동수,대한민국 인천광역시 부평구 부평2동 감리 교회 동수
부평삼거리,대한민국 인천광역시 부평구 십정동 592
간석오거리,대한민국 인천광역시 간석4동 간석오거리
예술회관,대한민국 인천광역시 남동구 구월1동 예술회관
인천터미널,대한민국 인천광역시 관교동 종합터미널역
문학경기장,대한민국 인천광역시 연수구 선학동 110-2
선학,대한민국 인천광역시 연수구 선학동 254
신연수,대한민국 인천광역시 연수구 연수3동 347
동춘,대한민국 인천광역시 동춘3동 동춘역
동막,대한민국 인천광역시 남동구 고잔동 743-1
캠퍼스타운,대한민국 인천광역시 송도동 캠퍼스타운역(3번출구)
테크노파크,대한민국 인천광역시 송도동 테크노파크
지식정보단지,대한민국 인천광역시 연수구 송도1동 9-40
인천대입구,대한민국 인천광역시 송도동 인천대입구역
검단오류,대한민국 인천광역시 서구 오류동 402-1
왕길,대한민국 인천광역시 서구 왕길동 474-8
검단사거리,대한민국 인천광역시 서구 왕길동 242-8
마전,대한민국 인천광역시 검단1동 마전
독정,대한민국 인천광역시 서구 검단4동 875-6
검바위,대한민국 인천광역시 서구 검암경서동 산72-20
아시아드경기장,대한민국 인천광역시 서구 연희동 산10
서구청,대한민국 인천광역시 서구 심곡동 산7-4
가정,대한민국 인천광역시 서구 가정동 240-1
가정중앙시장,대한민국 인천광역시 서구 가정1동 511-12
석남,대한민국 인천광역시 서구 석남동 495-7
서부여성회관,대한민국 인천광역시 서구 석남동 495-7
인천가좌,대한민국 인천광역시 서구 가좌동 217-10
가재울,대한민국 인천광역시 서구 가좌동 305-71
주안국가산단,대한민국 인천광역시 남구 주안5동 1415-11
시민공원,대한민국 인천광역시 남구 주안4동 458-2
석천사거리,대한민국 인천광역시 남동구 구월동 73-3
모래내시장,대한민국 인천광역시 구월동 모래내시장
만수,대한민국 인천광역시 남동구 만수동 884-5
남동구청,대한민국 인천광역시 남동구 만수1동 1006
인천대공원,대한민국 인천광역시 남동구 장수동 605-4
운연,대한민국 인천광역시 남동구 장수서창동 130
개화,대한민국 서울특별시 방화2동 개화역광역환승센터
공항시장,대한민국 서울특별시 방화동 공항시장
신방화,대한민국 서울특별시 강서구 방화1동 방화대로 지하301
마곡나루,대한민국 서울특별시 강서구 마곡동 277-1
양천향교,대한민국 서울특별시 강서구 가양1동 156-9
가양,대한민국 서울특별시 강서구 가양2동 14-40
증미,대한민국 서울특별시 등촌1동 강서소방서.이마트.증미역
등촌,대한민국 서울특별시 양천구 목3동 605-22
염창,대한민국 서울특별시 염창동 염창역
신목동,대한민국 서울특별시 목2동 신목동
선유도,대한민국 서울특별시 영등포구 양평동5가 26-16
국회의사당,대한민국 서울특별시 여의도동 국회의사당역
샛강,대한민국 서울특별시 영등포구 여의도동 46-3
노들,대한민국 서울특별시 노량진1동 노들
흑석,대한민국 서울특별시 동작구 흑석동 3
구반포,대한민국 서울특별시 반포동 구반포역
신반포,대한민국 서울특별시 반포동 신반포역
사평,대한민국 서울특별시 서초구 사평대로 지하285
신논현,대한민국 서울특별시 강남구 논현1동 800
언주,대한민국 서울특별시 역삼1동 언주
삼성중앙,대한민국 서울특별시 강남구 삼성1동 111-192
봉은사,대한민국 서울특별시 삼성동 봉은사역
청라국제도시,대한민국 인천광역시 서구 경서동 519-21
운서,대한민국 인천광역시 중구 운서동 흰바위로59번길 26
공항화물청사,대한민국 인천광역시 중구 운서동 2844-2
인천국제공항,대한민국 인천광역시 운서동 인천국제공항역
영종,대한민국 인천광역시 중구 운북동 465-32
양재시민의숲,대한민국 서울특별시 양재동 양재시민의숲
김량장,대한민국 용인시 김량장동 김량장역
운동장·송담대,대한민국 경기도 용인시 처인구 김량장동 144-13
고진,대한민국 경기도 용인시 처인구 유방동 527
보평,대한민국 경기도 용인시 처인구 유방동 276-1
둔전,대한민국 경기도 용인시 처인구 포곡읍 둔전리 406-66
전대·에버랜드,대한민국 용인시 포곡읍 전대.에버랜드역
발곡,대한민국 경기도 의정부시 신곡1동 668-10
범골,대한민국 경기도 의정부시 호원2동 326-34
경전철의정부,대한민국 의정부시 의정부동 쌍둥이빌딩.의정부서부역
의정부시청,대한민국 의정부시 의정부동 의정부시청.세무서
흥선,대한민국 의정부시 가능동 흥선
의정부중앙,대한민국 의정부시 의정부동 의정부부대찌개거리.중앙역
동오,대한민국 의정부시 신곡동 동오
새말,대한민국 의정부시 신곡동 새말
경기도청북부청사,대한민국 의정부시 금오동 경기도청북부청사역
효자,대한민국 의정부시 신곡동 효자
곤제,대한민국 경기도 의정부시 자금동 3-3
어룡,대한민국 의정부시 송산1동 어룡역.롯데마트
송산,대한민국 의정부시 용현동 송산
동천,대한민국 경기도 용인시 수지구 동천동 325-356
수지구청,대한민국 경기도 용인시 수지구 풍덕천동 3003-5
성복,대한민국 경기도 용인시 수지구 성복동 62-7
상현,대한민국 경기도 용인시 수지구 상현1동 광교중앙로 310
광교중앙,대한민국 수원시 이의동 광교중앙(아주대)
광교,대한민국 경기도 수원시 영통구 이의동 742번지 신분당선광교역내
강남대,대한민국 용인시 구갈동 강남대
지석,대한민국 경기도 용인시 기흥구 상하동 401-18
어정,대한민국 용인시 상하동 어정
동백,대한민국 용인시 중동 동백역
초당,대한민국 용인시 중동 초당
삼가,대한민국 용인시 역삼동 삼가
시청·용인대,대한민국 경기도 용인시 처인구 역삼동 481-25
명지대,대한민국 용인시 역북동 명지대역
